Product ID,Product Name,Category,Supplier,Purchase Date,Stock Qty,Cost Price,Stock value,Product Age
P001,Logitech Mouse,Accessories,Ingram,05-????-26,150,450,67500,260
P002,Dell Keyboard,Accessories,Redington,15-????-26,120,550,66000,250
P003,HP Printer 2336,Printers,HP Direct,10-??????-26,25,4200,105000,224
P004,Samsung SSD 1TB,Storage,Ingram,05-?????-26,80,3800,304000,201
P005,WD HDD 2TB,Storage,Redington,20-?????-26,60,3200,192000,186
P006,"Asus Monitor 24""",Monitors,Asus Direct,01-?????-26,18,8200,147600,174
P007,HDMI Cable,Accessories,Local Vendor,10-?????-26,250,120,30000,165
P008,Gaming Mouse RGB,Accessories,Ingram,15-??-26,40,850,34000,130
P009,Lenovo Laptop Bag,Accessories,Lenovo Direct,20-??-26,90,450,40500,125
P010,USB Hub,Accessories,Local Vendor,01-???-26,75,250,18750,113
P011,HP Ink Cartridge,Printers,HP Direct,15-?????-25,180,950,171000,281
P012,Canon Ink Cartridge,Printers,Canon Direct,20-?????-25,140,900,126000,276
P013,TP-Link Router,Networking,TP-Link,25-????-26,65,1450,94250,240
P014,Wireless Keyboard,Accessories,Ingram,10-??????-26,55,1100,60500,224
P015,Gaming Headset,Accessories,Local Vendor,01-???????-25,95,1800,171000,325
P016,External HDD 1TB,Storage,WD Direct,15-?????-25,45,3500,157500,342
P017,Webcam HD,Accessories,Local Vendor,01-??????-25,70,1200,84000,386
P018,Bluetooth Speaker,Accessories,Boat,15-??-25,110,950,104500,403
P019,Laptop Cooling Pad,Accessories,Local Vendor,01-????-25,130,350,45500,448
P020,Mechanical Keyboard,Accessories,Redington,10-???-25,35,2800,98000,469
P021,USB Type-C Cable,Accessories,Local Vendor,12-????-26,300,90,27000,253
P022,VGA Cable,Accessories,Local Vendor,18-?????-25,140,75,10500,278
P023,DisplayPort Cable,Accessories,Local Vendor,15-???????-25,95,140,13300,311
P024,SSD Enclosure,Storage,Ingram,21-?????-25,40,450,18000,336
P025,Laptop Stand,Accessories,Local Vendor,11-??????-25,65,550,35750,376
P026,WiFi Adapter,Networking,TP-Link,05-??-25,80,700,56000,413
P027,Gaming Chair,Furniture,Local Vendor,22-????-25,12,6500,78000,427
P028,Printer Paper A4,Consumables,Local Vendor,15-??-26,200,180,36000,130
P029,Epson Ink Bottle,Consumables,Epson,12-?????-26,150,320,48000,163
P030,Surge Protector,Electrical,Local Vendor,01-?????-26,85,650,55250,205
P031,CCTV Camera,Security,Hikvision,15-??????-26,30,2500,75000,219
P032,DVR 8 Channel,Security,Hikvision,10-????-26,18,4200,75600,255
P033,CAT6 Network Cable,Networking,Local Vendor,01-?????-25,500,22,11000,295
P034,Power Bank 10000mAh,Accessories,Boat,15-?????-25,75,850,63750,342
P035,Bluetooth Keyboard,Accessories,Logitech,20-??????-25,40,1800,72000,367
P036,Webcam Full HD,Accessories,Logitech,10-??-25,28,2400,67200,408
P037,SSD 512GB,Storage,Samsung,12-????-25,95,2200,209000,437
P038,SSD 256GB,Storage,Samsung,20-???-25,120,1400,168000,459
P039,Mouse Pad XL,Accessories,Local Vendor,05-??-25,180,150,27000,505
P040,RGB Keyboard,Accessories,Redington,22-?????-25,50,2200,110000,518
P041,Wireless Mouse,Accessories,Logitech,15-?????-25,85,950,80750,556
P042,Laptop Battery Dell,Spare Parts,Dell,10-??????-25,25,3200,80000,589
P043,Laptop Charger HP,Spare Parts,HP Direct,18-????-25,45,1800,81000,612
P044,RAM 8GB DDR4,Components,Kingston,12-??-25,90,1600,144000,498
P045,RAM 16GB DDR4,Components,Kingston,05-???-25,65,2800,182000,474
P046,Graphic Card GTX1650,Components,Asus Direct,15-????-25,8,14500,116000,434
P047,Graphic Card RTX3060,Components,Asus Direct,20-??-25,5,28000,140000,398
P048,Motherboard B450,Components,Gigabyte,01-??????-25,18,6200,111600,386
P049,SMPS 550W,Components,Cooler Master,15-?????-25,35,3200,112000,342
P050,Processor Ryzen 5,Components,AMD Distributor,10-???????-25,12,9500,114000,316
P051,Logitech MX Master 3S,Accessories,Logitech,15-?????-25,22,6200,136400,281
P052,"Dell 24"" Monitor",Monitors,Dell,25-????-26,18,8900,160200,240
P053,Samsung SSD 2TB,Storage,Samsung,18-??????-26,35,7800,273000,216
P054,WD Black NVMe 1TB,Storage,WD Direct,15-?????-26,42,6400,268800,191
P055,Lenovo Docking Station,Accessories,Lenovo Direct,10-?????-26,15,7200,108000,165
P056,HP LaserJet MFP,Printers,HP Direct,05-??-26,8,16500,132000,140
P057,TP-Link AX3000 Router,Networking,TP-Link,15-??????-26,24,4200,100800,219
P058,Logitech Brio Webcam,Accessories,Logitech,10-????-26,12,8500,102000,255
P059,Kingston DDR5 16GB,Components,Kingston,28-????-26,55,3400,187000,237
P060,Kingston DDR5 32GB,Components,Kingston,15-????-26,30,6800,204000,250
P061,Samsung SSD 1TB EVO,Storage,Samsung,08-????-26,70,4200,294000,257
P062,Dell Wireless Keyboard,Accessories,Dell,02-????-26,85,950,80750,263
P063,HP Toner Cartridge,Printers,HP Direct,20-?????-25,120,850,102000,276
P064,Canon Toner Cartridge,Printers,Canon Direct,15-?????-25,95,780,74100,281
P065,HDMI Cable 2 Meter,Accessories,Local Vendor,10-?????-25,350,110,38500,286
P066,USB Hub 4 Port,Accessories,Local Vendor,05-?????-25,140,220,30800,291
P067,"Asus Gaming Monitor 27""",Monitors,Asus Direct,25-???????-25,10,18500,185000,301
P068,WD External HDD 2TB,Storage,WD Direct,15-???????-25,28,4600,128800,311
P069,Laptop Backpack Premium,Accessories,Lenovo Direct,01-???????-25,75,650,48750,325
P070,TP-Link Switch 8 Port,Networking,TP-Link,20-?????-25,22,1700,37400,337
P071,Logitech G304 Mouse,Accessories,Logitech,12-?????-25,40,2100,84000,345
P072,Bluetooth Keyboard,Accessories,Logitech,08-?????-25,32,1800,57600,349
P073,Webcam Full HD,Accessories,Logitech,02-?????-25,28,2400,67200,355
P074,Power Bank 10000mAh,Accessories,Boat,25-??????-25,75,850,63750,362
P075,Noise Smart Watch,Accessories,Noise,15-??????-25,45,1800,81000,372
P076,WiFi Adapter USB,Networking,TP-Link,01-??-25,80,700,56000,509
P077,SSD 512GB Samsung,Storage,Samsung,15-??-25,95,2200,209000,495
P078,SSD 256GB Samsung,Storage,Samsung,10-???-25,120,1400,168000,469
P079,Laptop Cooling Pad,Accessories,Local Vendor,15-????-25,65,350,22750,434
P080,Laptop Stand Aluminum,Accessories,Local Vendor,10-??-25,55,550,30250,408
P081,CAT6 Cable Box,Networking,Local Vendor,15-??????-25,25,4200,105000,372
P082,RJ45 Connector Pack,Networking,Local Vendor,10-?????-25,180,90,16200,347
P083,CCTV Camera HD,Security,Hikvision,15-???????-25,30,2500,75000,311
P084,DVR 8 Channel,Security,Hikvision,10-?????-25,18,4200,75600,286
P085,Epson Ink Bottle,Consumables,Epson,15-????-26,150,320,48000,250
P086,Printer Paper A4,Consumables,Local Vendor,01-??????-26,200,180,36000,233
P087,Surge Protector,Electrical,Local Vendor,15-??????-26,85,650,55250,219
P088,Wireless Mouse,Accessories,Logitech,10-?????-26,85,950,80750,196
P089,RGB Keyboard,Accessories,Redington,15-?????-26,50,2200,110000,160
P090,Gaming Headset,Accessories,Logitech,10-??-26,35,2800,98000,135
P091,Laptop Battery Dell,Spare Parts,Dell,25-???-25,25,3200,80000,454
P092,Laptop Charger HP,Spare Parts,HP Direct,20-???-25,45,1800,81000,459
P093,RAM 8GB DDR4,Components,Kingston,15-???-25,90,1600,144000,464
P094,RAM 16GB DDR4,Components,Kingston,10-???-25,65,2800,182000,469
P095,Motherboard B450,Components,Gigabyte,05-???-25,18,6200,111600,474
P096,SMPS 550W,Components,Cooler Master,01-???-25,35,3200,112000,478
P097,Ryzen 5 Processor,Components,AMD Distributor,25-??-25,12,9500,114000,485
P098,Intel i5 Processor,Components,Intel Distributor,20-??-25,10,14500,145000,490
P099,GTX 1650 Graphic Card,Components,Asus Direct,15-??-25,8,14500,116000,495
P100,RTX 3060 Graphic Card,Components,Asus Direct,10-??-25,5,28000,140000,500
P1000,HDMI Cable,Accessories,Local Vendor,20-?????-24,150,75,11250,641
P1001,Logitech Mouse,Accessories,Ingram,19-?????-24,70,378,26460,642
P1002,Dell Keyboard,Accessories,Redington,19-?????-24,48,475,22800,642
P1003,HDMI Cable,Accessories,Local Vendor,18-?????-24,145,74,10730,643
P1004,USB Hub,Accessories,Local Vendor,18-?????-24,45,188,8460,643
P1005,Samsung SSD 1TB,Storage,Samsung,17-?????-24,20,3650,73000,644
P1006,WD HDD 2TB,Storage,WD Direct,17-?????-24,10,2780,27800,644
P1007,TP-Link Router,Networking,TP-Link,16-?????-24,8,1160,9280,645
P1008,Wireless Keyboard,Accessories,Ingram,16-?????-24,25,960,24000,645
P1009,Printer Paper A4,Consumables,Local Vendor,15-?????-24,160,135,21600,646
P101,Logitech Mouse,Accessories,Ingram,15-??-26,120,470,56400,130
P1010,Epson Ink Bottle,Consumables,Epson,15-?????-24,75,245,18375,646
P1011,CAT6 Network Cable,Networking,Local Vendor,14-?????-24,180,14,2520,647
P1012,Gaming Mouse RGB,Accessories,Logitech,14-?????-24,15,780,11700,647
P1013,Power Bank 10000mAh,Accessories,Boat,13-?????-24,32,750,24000,648
P1014,Laptop Backpack Premium,Accessories,Lenovo Direct,13-?????-24,28,560,15680,648
P1015,SSD 512GB Samsung,Storage,Samsung,12-?????-24,45,1980,89100,649
P1016,SSD 256GB Samsung,Storage,Samsung,12-?????-24,60,1240,74400,649
P1017,WiFi Adapter USB,Networking,TP-Link,11-?????-24,40,600,24000,650
P1018,CCTV Camera HD,Security,Hikvision,11-?????-24,5,2020,10100,650
P1019,Surge Protector,Electrical,Local Vendor,10-?????-24,48,560,26880,651
P102,Dell Keyboard,Accessories,Redington,05-??-26,90,565,50850,140
P1020,USB Type-C Cable,Accessories,Local Vendor,10-?????-24,200,74,14800,651
P1021,Webcam Full HD,Accessories,Logitech,09-?????-24,10,2150,21500,652
P1022,Bluetooth Speaker,Accessories,Boat,09-?????-24,25,820,20500,652
P1023,HP Ink Cartridge,Printers,HP Direct,08-?????-24,90,820,73800,653
P1024,Canon Ink Cartridge,Printers,Canon Direct,08-?????-24,70,790,55300,653
P1025,RAM 8GB DDR4,Components,Kingston,07-?????-24,55,1360,74800,654
P1026,RAM 16GB DDR4,Components,Kingston,07-?????-24,38,2450,93100,654
P1027,Laptop Charger HP,Spare Parts,HP Direct,06-?????-24,18,1550,27900,655
P1028,Laptop Battery Dell,Spare Parts,Dell,06-?????-24,8,2850,22800,655
P1029,TP-Link Switch 8 Port,Networking,TP-Link,05-?????-24,5,1500,7500,656
P103,HDMI Cable,Accessories,Local Vendor,20-??-26,300,115,34500,125
P1030,SSD Enclosure,Storage,Ingram,05-?????-24,15,390,5850,656
P1031,Laptop Stand,Accessories,Local Vendor,04-?????-24,25,450,11250,657
P1032,Wireless Mouse,Accessories,Logitech,04-?????-24,35,830,29050,657
P1033,RGB Keyboard,Accessories,Redington,03-?????-24,10,1880,18800,658
P1034,Gaming Headset,Accessories,Logitech,03-?????-24,8,2350,18800,658
P1035,Logitech Mouse,Accessories,Ingram,02-?????-24,68,375,25500,659
P1036,HDMI Cable,Accessories,Local Vendor,02-?????-24,140,73,10220,659
P104,USB Hub,Accessories,Local Vendor,18-??-26,100,240,24000,127
P105,Samsung SSD 1TB,Storage,Samsung,10-??-26,45,4100,184500,135
P106,WD HDD 2TB,Storage,WD Direct,05-??-26,30,3250,97500,140
P107,TP-Link Router,Networking,TP-Link,01-??-26,35,1480,51800,144
P108,Wireless Keyboard,Accessories,Ingram,25-?????-26,60,1080,64800,150
P109,Printer Paper A4,Consumables,Local Vendor,22-?????-26,250,185,46250,153
P110,Epson Ink Bottle,Consumables,Epson,20-?????-26,100,330,33000,155
P111,CAT6 Network Cable,Networking,Local Vendor,15-?????-26,450,24,10800,160
P112,Logitech Mouse,Accessories,Ingram,10-?????-26,80,460,36800,165
P113,Gaming Mouse RGB,Accessories,Logitech,05-?????-26,35,870,30450,170
P114,Power Bank 10000mAh,Accessories,Boat,01-?????-26,65,880,57200,174
P115,Laptop Backpack Premium,Accessories,Lenovo Direct,25-?????-26,40,670,26800,181
P116,SSD 512GB Samsung,Storage,Samsung,20-?????-26,75,2250,168750,186
P117,SSD 256GB Samsung,Storage,Samsung,15-?????-26,90,1450,130500,191
P118,WiFi Adapter USB,Networking,TP-Link,10-?????-26,55,720,39600,196
P119,CCTV Camera HD,Security,Hikvision,05-?????-26,22,2550,56100,201
P120,Surge Protector,Electrical,Local Vendor,01-?????-26,60,660,39600,205
P121,Dell Keyboard,Accessories,Redington,25-??????-26,75,555,41625,209
P122,HDMI Cable,Accessories,Local Vendor,20-??????-26,280,118,33040,214
P123,USB Type-C Cable,Accessories,Local Vendor,15-??????-26,350,95,33250,219
P124,Webcam Full HD,Accessories,Logitech,10-??????-26,25,2450,61250,224
P125,Bluetooth Speaker,Accessories,Boat,05-??????-26,55,980,53900,229
P126,HP Ink Cartridge,Printers,HP Direct,01-??????-26,140,970,135800,233
P127,Canon Ink Cartridge,Printers,Canon Direct,28-????-26,110,920,101200,237
P128,RAM 8GB DDR4,Components,Kingston,25-????-26,70,1650,115500,240
P129,RAM 16GB DDR4,Components,Kingston,20-????-26,55,2850,156750,245
P130,Laptop Charger HP,Spare Parts,HP Direct,15-????-26,35,1820,63700,250
P131,Laptop Battery Dell,Spare Parts,Dell,10-????-26,20,3250,65000,255
P132,TP-Link Switch 8 Port,Networking,TP-Link,05-????-26,18,1750,31500,260
P133,Logitech Mouse,Accessories,Ingram,28-?????-25,95,455,43225,268
P134,USB Hub,Accessories,Local Vendor,20-?????-25,85,235,19975,276
P135,HDMI Cable,Accessories,Local Vendor,15-?????-25,220,112,24640,281
P136,SSD Enclosure,Storage,Ingram,10-?????-25,35,470,16450,286
P137,Laptop Stand,Accessories,Local Vendor,05-?????-25,50,560,28000,291
P138,Wireless Mouse,Accessories,Logitech,01-?????-25,65,980,63700,295
P139,RGB Keyboard,Accessories,Redington,25-???????-25,30,2250,67500,301
P140,Gaming Headset,Accessories,Logitech,20-???????-25,22,2850,62700,306
P141,Printer Paper A4,Consumables,Local Vendor,15-???????-25,300,175,52500,311
P142,Epson Ink Bottle,Consumables,Epson,10-???????-25,130,310,40300,316
P143,Samsung SSD 1TB,Storage,Samsung,05-???????-25,50,4000,200000,321
P144,WD HDD 2TB,Storage,WD Direct,01-???????-25,35,3180,111300,325
P145,TP-Link Router,Networking,TP-Link,25-?????-25,28,1460,40880,332
P146,CAT6 Network Cable,Networking,Local Vendor,20-?????-25,400,23,9200,337
P147,CCTV Camera HD,Security,Hikvision,15-?????-25,18,2480,44640,342
P148,Logitech Mouse,Accessories,Ingram,10-?????-25,110,445,48950,347
P149,Dell Keyboard,Accessories,Redington,05-?????-25,80,540,43200,352
P150,HDMI Cable,Accessories,Local Vendor,01-?????-25,260,108,28080,356
P151,Logitech Mouse,Accessories,Ingram,25-??????-25,95,455,43225,362
P152,Dell Keyboard,Accessories,Redington,20-??????-25,75,545,40875,367
P153,HDMI Cable,Accessories,Local Vendor,15-??????-25,240,110,26400,372
P154,USB Hub,Accessories,Local Vendor,10-??????-25,85,225,19125,377
P155,Samsung SSD 1TB,Storage,Samsung,05-??????-25,55,4050,222750,382
P156,WD HDD 2TB,Storage,WD Direct,01-??????-25,40,3180,127200,386
P157,TP-Link Router,Networking,TP-Link,25-??-25,25,1450,36250,393
P158,Wireless Keyboard,Accessories,Ingram,20-??-25,45,1050,47250,398
P159,Printer Paper A4,Consumables,Local Vendor,15-??-25,180,175,31500,403
P160,Epson Ink Bottle,Consumables,Epson,10-??-25,110,315,34650,408
P161,CAT6 Network Cable,Networking,Local Vendor,05-??-25,350,23,8050,413
P162,Logitech Mouse,Accessories,Ingram,01-??-25,80,450,36000,417
P163,Gaming Mouse RGB,Accessories,Logitech,25-????-25,28,860,24080,424
P164,Power Bank 10000mAh,Accessories,Boat,20-????-25,60,840,50400,429
P165,Laptop Backpack Premium,Accessories,Lenovo Direct,15-????-25,50,640,32000,434
P166,SSD 512GB Samsung,Storage,Samsung,10-????-25,70,2180,152600,439
P167,SSD 256GB Samsung,Storage,Samsung,05-????-25,85,1380,117300,444
P168,WiFi Adapter USB,Networking,TP-Link,01-????-25,60,680,40800,448
P169,CCTV Camera HD,Security,Hikvision,25-???-25,20,2480,49600,454
P170,Surge Protector,Electrical,Local Vendor,20-???-25,75,640,48000,459
P171,Dell Keyboard,Accessories,Redington,15-???-25,70,535,37450,464
P172,HDMI Cable,Accessories,Local Vendor,10-???-25,260,105,27300,469
P173,USB Type-C Cable,Accessories,Local Vendor,05-???-25,320,88,28160,474
P174,Webcam Full HD,Accessories,Logitech,01-???-25,22,2380,52360,478
P175,Bluetooth Speaker,Accessories,Boat,25-??-25,50,930,46500,485
P176,HP Ink Cartridge,Printers,HP Direct,20-??-25,130,920,119600,490
P177,Canon Ink Cartridge,Printers,Canon Direct,15-??-25,105,890,93450,495
P178,RAM 8GB DDR4,Components,Kingston,10-??-25,80,1580,126400,500
P179,RAM 16GB DDR4,Components,Kingston,05-??-25,60,2750,165000,505
P180,Laptop Charger HP,Spare Parts,HP Direct,01-??-25,38,1760,66880,509
P181,Laptop Battery Dell,Spare Parts,Dell,25-?????-25,18,3150,56700,515
P182,TP-Link Switch 8 Port,Networking,TP-Link,20-?????-25,15,1720,25800,520
P183,Logitech Mouse,Accessories,Ingram,15-?????-25,90,445,40050,525
P184,USB Hub,Accessories,Local Vendor,10-?????-25,80,220,17600,530
P185,HDMI Cable,Accessories,Local Vendor,05-?????-25,220,102,22440,535
P186,SSD Enclosure,Storage,Ingram,01-?????-25,30,450,13500,539
P187,Laptop Stand,Accessories,Local Vendor,25-?????-25,45,540,24300,546
P188,Wireless Mouse,Accessories,Logitech,20-?????-25,55,920,50600,551
P189,RGB Keyboard,Accessories,Redington,15-?????-25,28,2180,61040,556
P190,Gaming Headset,Accessories,Logitech,10-?????-25,18,2750,49500,561
P191,Printer Paper A4,Consumables,Local Vendor,05-?????-25,250,170,42500,566
P192,Epson Ink Bottle,Consumables,Epson,01-?????-25,120,300,36000,570
P193,Samsung SSD 1TB,Storage,Samsung,25-??????-25,45,3950,177750,574
P194,WD HDD 2TB,Storage,WD Direct,20-??????-25,30,3120,93600,579
P195,TP-Link Router,Networking,TP-Link,15-??????-25,20,1420,28400,584
P196,CAT6 Network Cable,Networking,Local Vendor,10-??????-25,300,22,6600,589
P197,CCTV Camera HD,Security,Hikvision,05-??????-25,15,2420,36300,594
P198,Logitech Mouse,Accessories,Ingram,01-??????-25,100,440,44000,598
P199,Dell Keyboard,Accessories,Redington,25-????-25,75,525,39375,605
P200,HDMI Cable,Accessories,Local Vendor,20-????-25,240,100,24000,610
P201,Logitech Mouse,Accessories,Ingram,15-????-25,85,435,36975,615
P202,Dell Keyboard,Accessories,Redington,10-????-25,70,520,36400,620
P203,HDMI Cable,Accessories,Local Vendor,05-????-25,220,98,21560,625
P204,USB Hub,Accessories,Local Vendor,01-????-25,75,215,16125,629
P205,Samsung SSD 1TB,Storage,Samsung,28-?????-24,40,3900,156000,633
P206,WD HDD 2TB,Storage,WD Direct,25-?????-24,28,3080,86240,636
P207,TP-Link Router,Networking,TP-Link,20-?????-24,18,1400,25200,641
P208,Wireless Keyboard,Accessories,Ingram,15-?????-24,40,1020,40800,646
P209,Printer Paper A4,Consumables,Local Vendor,10-?????-24,220,168,36960,651
P210,Epson Ink Bottle,Consumables,Epson,05-?????-24,110,295,32450,656
P211,CAT6 Network Cable,Networking,Local Vendor,01-?????-24,280,21,5880,660
P212,Logitech Mouse,Accessories,Ingram,25-???????-24,75,430,32250,666
P213,Gaming Mouse RGB,Accessories,Logitech,20-???????-24,25,840,21000,671
P214,Power Bank 10000mAh,Accessories,Boat,15-???????-24,55,820,45100,676
P215,Laptop Backpack Premium,Accessories,Lenovo Direct,10-???????-24,45,620,27900,681
P216,SSD 512GB Samsung,Storage,Samsung,05-???????-24,65,2150,139750,686
P217,SSD 256GB Samsung,Storage,Samsung,01-???????-24,80,1350,108000,690
P218,WiFi Adapter USB,Networking,TP-Link,13-??-25,55,660,36300,497
P219,CCTV Camera HD,Security,Hikvision,08-??-25,18,2380,42840,502
P220,Surge Protector,Electrical,Local Vendor,03-??-25,70,620,43400,507
P221,Dell Keyboard,Accessories,Redington,28-?????-25,65,515,33475,512
P222,HDMI Cable,Accessories,Local Vendor,23-?????-25,210,96,20160,517
P223,USB Type-C Cable,Accessories,Local Vendor,19-?????-25,280,85,23800,521
P224,Webcam Full HD,Accessories,Logitech,13-?????-25,20,2350,47000,527
P225,Bluetooth Speaker,Accessories,Boat,08-?????-25,45,910,40950,532
P226,HP Ink Cartridge,Printers,HP Direct,03-?????-25,120,900,108000,537
P227,Canon Ink Cartridge,Printers,Canon Direct,29-?????-25,95,870,82650,542
P228,RAM 8GB DDR4,Components,Kingston,24-?????-25,75,1550,116250,547
P229,RAM 16GB DDR4,Components,Kingston,20-?????-25,55,2700,148500,551
P230,Laptop Charger HP,Spare Parts,HP Direct,13-?????-25,35,1720,60200,558
P231,Laptop Battery Dell,Spare Parts,Dell,08-?????-25,16,3100,49600,563
P232,TP-Link Switch 8 Port,Networking,TP-Link,03-?????-25,12,1680,20160,568
P233,Logitech Mouse,Accessories,Ingram,26-??????-25,80,425,34000,573
P234,USB Hub,Accessories,Local Vendor,21-??????-25,70,210,14700,578
P235,HDMI Cable,Accessories,Local Vendor,17-??????-25,200,95,19000,582
P236,SSD Enclosure,Storage,Ingram,18-?????-25,28,430,12040,339
P237,Laptop Stand,Accessories,Local Vendor,13-?????-25,40,520,20800,344
P238,Wireless Mouse,Accessories,Logitech,08-?????-25,50,900,45000,349
P239,RGB Keyboard,Accessories,Redington,03-?????-25,25,2100,52500,354
P240,Gaming Headset,Accessories,Logitech,28-??????-25,16,2680,42880,359
P241,Printer Paper A4,Consumables,Local Vendor,24-??????-25,240,165,39600,363
P242,Epson Ink Bottle,Consumables,Epson,18-??????-25,115,290,33350,369
P243,Samsung SSD 1TB,Storage,Samsung,13-??????-25,40,3850,154000,374
P244,WD HDD 2TB,Storage,WD Direct,08-??????-25,25,3050,76250,379
P245,TP-Link Router,Networking,TP-Link,03-??????-25,18,1380,24840,384
P246,CAT6 Network Cable,Networking,Local Vendor,29-??-25,260,20,5200,389
P247,CCTV Camera HD,Security,Hikvision,25-??-25,14,2350,32900,393
P248,Logitech Mouse,Accessories,Ingram,18-??-25,90,420,37800,400
P249,Dell Keyboard,Accessories,Redington,13-??-25,65,510,33150,405
P250,HDMI Cable,Accessories,Local Vendor,08-??-25,220,92,20240,410
P251,Logitech Mouse,Accessories,Ingram,03-??-25,85,415,35275,415
P252,Dell Keyboard,Accessories,Redington,29-????-25,60,505,30300,420
P253,HDMI Cable,Accessories,Local Vendor,25-????-25,210,90,18900,424
P254,USB Hub,Accessories,Local Vendor,19-????-25,65,205,13325,430
P255,Samsung SSD 1TB,Storage,Samsung,14-????-25,35,3800,133000,435
P256,WD HDD 2TB,Storage,WD Direct,09-????-25,22,3000,66000,440
P257,TP-Link Router,Networking,TP-Link,04-????-25,15,1350,20250,445
P258,Wireless Keyboard,Accessories,Ingram,29-???-25,35,990,34650,450
P259,Printer Paper A4,Consumables,Local Vendor,25-???-25,200,160,32000,454
P260,Epson Ink Bottle,Consumables,Epson,18-???-25,100,285,28500,461
P261,CAT6 Network Cable,Networking,Local Vendor,13-???-25,250,20,5000,466
P262,Logitech Mouse,Accessories,Ingram,08-???-25,75,410,30750,471
P263,Gaming Mouse RGB,Accessories,Logitech,03-???-25,22,820,18040,476
P264,Power Bank 10000mAh,Accessories,Boat,29-??-25,50,800,40000,481
P265,Laptop Backpack Premium,Accessories,Lenovo Direct,25-??-25,40,600,24000,485
P266,SSD 512GB Samsung,Storage,Samsung,20-??-25,60,2100,126000,490
P267,SSD 256GB Samsung,Storage,Samsung,15-??-25,75,1320,99000,495
P268,WiFi Adapter USB,Networking,TP-Link,10-??-25,50,640,32000,500
P269,CCTV Camera HD,Security,Hikvision,05-??-25,15,2300,34500,505
P270,Surge Protector,Electrical,Local Vendor,30-?????-25,65,600,39000,510
P271,Dell Keyboard,Accessories,Redington,26-?????-25,55,500,27500,514
P272,HDMI Cable,Accessories,Local Vendor,19-?????-25,200,88,17600,521
P273,USB Type-C Cable,Accessories,Local Vendor,14-?????-25,260,82,21320,526
P274,Webcam Full HD,Accessories,Logitech,09-?????-25,18,2280,41040,531
P275,Bluetooth Speaker,Accessories,Boat,04-?????-25,40,880,35200,536
P276,HP Ink Cartridge,Printers,HP Direct,30-?????-25,110,880,96800,541
P277,Canon Ink Cartridge,Printers,Canon Direct,26-?????-25,90,850,76500,545
P278,RAM 8GB DDR4,Components,Kingston,19-?????-25,70,1500,105000,552
P279,RAM 16GB DDR4,Components,Kingston,14-?????-25,50,2650,132500,557
P280,Laptop Charger HP,Spare Parts,HP Direct,09-?????-25,30,1680,50400,562
P281,Laptop Battery Dell,Spare Parts,Dell,04-?????-25,15,3050,45750,567
P282,TP-Link Switch 8 Port,Networking,TP-Link,27-??????-25,10,1650,16500,572
P283,Logitech Mouse,Accessories,Ingram,23-??????-25,70,405,28350,576
P284,USB Hub,Accessories,Local Vendor,17-??????-25,60,200,12000,582
P285,HDMI Cable,Accessories,Local Vendor,12-??????-25,190,86,16340,587
P286,SSD Enclosure,Storage,Ingram,07-??????-25,25,420,10500,592
P287,Laptop Stand,Accessories,Local Vendor,02-??????-25,35,500,17500,597
P288,Wireless Mouse,Accessories,Logitech,28-????-25,45,880,39600,602
P289,RGB Keyboard,Accessories,Redington,24-????-25,22,2050,45100,606
P290,Gaming Headset,Accessories,Logitech,08-?????-25,15,2600,39000,563
P291,Printer Paper A4,Consumables,Local Vendor,03-?????-25,220,155,34100,568
P292,Epson Ink Bottle,Consumables,Epson,26-??????-25,110,280,30800,573
P293,Samsung SSD 1TB,Storage,Samsung,21-??????-25,35,3750,131250,578
P294,WD HDD 2TB,Storage,WD Direct,16-??????-25,20,2950,59000,583
P295,TP-Link Router,Networking,TP-Link,12-??????-25,15,1320,19800,587
P296,CAT6 Network Cable,Networking,Local Vendor,06-??????-25,240,19,4560,593
P297,CCTV Camera HD,Security,Hikvision,01-??????-25,12,2280,27360,598
P298,Logitech Mouse,Accessories,Ingram,27-????-25,80,400,32000,603
P299,Dell Keyboard,Accessories,Redington,22-????-25,55,495,27225,608
P300,HDMI Cable,Accessories,Local Vendor,17-????-25,200,85,17000,613
P301,Logitech Mouse,Accessories,Ingram,28-???-25,95,465,44175,451
P302,Dell Keyboard,Accessories,Redington,26-???-25,80,555,44400,453
P303,HDMI Cable,Accessories,Local Vendor,25-???-25,280,115,32200,454
P304,USB Hub,Accessories,Local Vendor,24-???-25,90,235,21150,455
P305,Samsung SSD 1TB,Storage,Samsung,23-???-25,55,4150,228250,456
P306,WD HDD 2TB,Storage,WD Direct,22-???-25,35,3200,112000,457
P307,TP-Link Router,Networking,TP-Link,21-???-25,22,1450,31900,458
P308,Wireless Keyboard,Accessories,Ingram,20-???-25,45,1080,48600,459
P309,Printer Paper A4,Consumables,Local Vendor,19-???-25,240,175,42000,460
P310,Epson Ink Bottle,Consumables,Epson,18-???-25,130,315,40950,461
P311,CAT6 Network Cable,Networking,Local Vendor,17-???-25,420,22,9240,462
P312,Logitech Mouse,Accessories,Ingram,16-???-25,85,460,39100,463
P313,Gaming Mouse RGB,Accessories,Logitech,15-???-25,32,860,27520,464
P314,Power Bank 10000mAh,Accessories,Boat,14-???-25,60,840,50400,465
P315,Laptop Backpack Premium,Accessories,Lenovo Direct,13-???-25,55,650,35750,466
P316,SSD 512GB Samsung,Storage,Samsung,12-???-25,75,2200,165000,467
P317,SSD 256GB Samsung,Storage,Samsung,11-???-25,95,1400,133000,468
P318,WiFi Adapter USB,Networking,TP-Link,10-???-25,65,680,44200,469
P319,CCTV Camera HD,Security,Hikvision,09-???-25,18,2450,44100,470
P320,Surge Protector,Electrical,Local Vendor,08-???-25,75,640,48000,471
P321,Dell Keyboard,Accessories,Redington,07-???-25,70,545,38150,472
P322,HDMI Cable,Accessories,Local Vendor,06-???-25,260,110,28600,473
P323,USB Type-C Cable,Accessories,Local Vendor,05-???-25,350,90,31500,474
P324,Webcam Full HD,Accessories,Logitech,04-???-25,24,2400,57600,475
P325,Bluetooth Speaker,Accessories,Boat,03-???-25,50,920,46000,476
P326,HP Ink Cartridge,Printers,HP Direct,02-???-25,140,910,127400,477
P327,Canon Ink Cartridge,Printers,Canon Direct,01-???-25,120,880,105600,478
P328,RAM 8GB DDR4,Components,Kingston,31-??-25,85,1550,131750,479
P329,RAM 16GB DDR4,Components,Kingston,30-??-25,60,2750,165000,480
P330,Laptop Charger HP,Spare Parts,HP Direct,29-??-25,40,1750,70000,481
P331,Laptop Battery Dell,Spare Parts,Dell,28-??-25,18,3150,56700,482
P332,TP-Link Switch 8 Port,Networking,TP-Link,27-??-25,15,1700,25500,483
P333,Logitech Mouse,Accessories,Ingram,26-??-25,90,455,40950,484
P334,USB Hub,Accessories,Local Vendor,25-??-25,85,225,19125,485
P335,HDMI Cable,Accessories,Local Vendor,24-??-25,240,108,25920,486
P336,SSD Enclosure,Storage,Ingram,23-??-25,35,450,15750,487
P337,Laptop Stand,Accessories,Local Vendor,22-??-25,50,540,27000,488
P338,Wireless Mouse,Accessories,Logitech,21-??-25,60,920,55200,489
P339,RGB Keyboard,Accessories,Redington,20-??-25,28,2150,60200,490
P340,Gaming Headset,Accessories,Logitech,19-??-25,20,2750,55000,491
P341,Printer Paper A4,Consumables,Local Vendor,18-??-25,260,170,44200,492
P342,Epson Ink Bottle,Consumables,Epson,17-??-25,120,300,36000,493
P343,Samsung SSD 1TB,Storage,Samsung,16-??-25,45,4050,182250,494
P344,WD HDD 2TB,Storage,WD Direct,15-??-25,30,3150,94500,495
P345,TP-Link Router,Networking,TP-Link,14-??-25,18,1420,25560,496
P346,CAT6 Network Cable,Networking,Local Vendor,13-??-25,380,21,7980,497
P347,CCTV Camera HD,Security,Hikvision,12-??-25,15,2400,36000,498
P348,Logitech Mouse,Accessories,Ingram,11-??-25,100,450,45000,499
P349,Dell Keyboard,Accessories,Redington,10-??-25,75,540,40500,500
P350,HDMI Cable,Accessories,Local Vendor,09-??-25,250,105,26250,501
P351,Logitech Mouse,Accessories,Ingram,08-??-25,95,448,42560,502
P352,Dell Keyboard,Accessories,Redington,07-??-25,72,538,38736,503
P353,HDMI Cable,Accessories,Local Vendor,06-??-25,270,104,28080,504
P354,USB Hub,Accessories,Local Vendor,05-??-25,82,220,18040,505
P355,Samsung SSD 1TB,Storage,Samsung,04-??-25,48,4020,192960,506
P356,WD HDD 2TB,Storage,WD Direct,03-??-25,32,3120,99840,507
P357,TP-Link Router,Networking,TP-Link,02-??-25,20,1400,28000,508
P358,Wireless Keyboard,Accessories,Ingram,01-??-25,42,1050,44100,509
P359,Printer Paper A4,Consumables,Local Vendor,30-?????-25,220,168,36960,510
P360,Epson Ink Bottle,Consumables,Epson,29-?????-25,115,298,34270,511
P361,CAT6 Network Cable,Networking,Local Vendor,28-?????-25,360,21,7560,512
P362,Logitech Mouse,Accessories,Ingram,27-?????-25,88,445,39160,513
P363,Gaming Mouse RGB,Accessories,Logitech,26-?????-25,30,850,25500,514
P364,Power Bank 10000mAh,Accessories,Boat,25-?????-25,55,825,45375,515
P365,Laptop Backpack Premium,Accessories,Lenovo Direct,24-?????-25,48,630,30240,516
P366,SSD 512GB Samsung,Storage,Samsung,23-?????-25,68,2180,148240,517
P367,SSD 256GB Samsung,Storage,Samsung,22-?????-25,88,1380,121440,518
P368,WiFi Adapter USB,Networking,TP-Link,21-?????-25,58,670,38860,519
P369,CCTV Camera HD,Security,Hikvision,20-?????-25,16,2380,38080,520
P370,Surge Protector,Electrical,Local Vendor,19-?????-25,70,625,43750,521
P371,Dell Keyboard,Accessories,Redington,18-?????-25,68,535,36380,522
P372,HDMI Cable,Accessories,Local Vendor,17-?????-25,240,102,24480,523
P373,USB Type-C Cable,Accessories,Local Vendor,16-?????-25,320,88,28160,524
P374,Webcam Full HD,Accessories,Logitech,15-?????-25,22,2350,51700,525
P375,Bluetooth Speaker,Accessories,Boat,14-?????-25,46,900,41400,526
P376,HP Ink Cartridge,Printers,HP Direct,13-?????-25,125,895,111875,527
P377,Canon Ink Cartridge,Printers,Canon Direct,12-?????-25,105,865,90825,528
P378,RAM 8GB DDR4,Components,Kingston,11-?????-25,78,1520,118560,529
P379,RAM 16GB DDR4,Components,Kingston,10-?????-25,58,2680,155440,530
P380,Laptop Charger HP,Spare Parts,HP Direct,09-?????-25,35,1720,60200,531
P381,Laptop Battery Dell,Spare Parts,Dell,08-?????-25,16,3100,49600,532
P382,TP-Link Switch 8 Port,Networking,TP-Link,07-?????-25,14,1680,23520,533
P383,Logitech Mouse,Accessories,Ingram,06-?????-25,92,442,40664,534
P384,USB Hub,Accessories,Local Vendor,05-?????-25,78,218,17004,535
P385,HDMI Cable,Accessories,Local Vendor,04-?????-25,230,100,23000,536
P386,SSD Enclosure,Storage,Ingram,03-?????-25,32,440,14080,537
P387,Laptop Stand,Accessories,Local Vendor,02-?????-25,45,525,23625,538
P388,Wireless Mouse,Accessories,Logitech,01-?????-25,55,910,50050,539
P389,RGB Keyboard,Accessories,Redington,31-?????-25,25,2120,53000,540
P390,Gaming Headset,Accessories,Logitech,30-?????-25,18,2700,48600,541
P391,Printer Paper A4,Consumables,Local Vendor,29-?????-25,240,165,39600,542
P392,Epson Ink Bottle,Consumables,Epson,28-?????-25,110,295,32450,543
P393,Samsung SSD 1TB,Storage,Samsung,27-?????-25,42,3980,167160,544
P394,WD HDD 2TB,Storage,WD Direct,26-?????-25,28,3100,86800,545
P395,TP-Link Router,Networking,TP-Link,25-?????-25,16,1380,22080,546
P396,CAT6 Network Cable,Networking,Local Vendor,24-?????-25,340,20,6800,547
P397,CCTV Camera HD,Security,Hikvision,23-?????-25,14,2350,32900,548
P398,Logitech Mouse,Accessories,Ingram,22-?????-25,96,438,42048,549
P399,Dell Keyboard,Accessories,Redington,21-?????-25,70,530,37100,550
P400,HDMI Cable,Accessories,Local Vendor,20-?????-25,245,98,24010,551
P401,Logitech Mouse,Accessories,Ingram,19-?????-25,90,435,39150,552
P402,Dell Keyboard,Accessories,Redington,18-?????-25,68,525,35700,553
P403,HDMI Cable,Accessories,Local Vendor,17-?????-25,230,97,22310,554
P404,USB Hub,Accessories,Local Vendor,16-?????-25,75,215,16125,555
P405,Samsung SSD 1TB,Storage,Samsung,15-?????-25,40,3950,158000,556
P406,WD HDD 2TB,Storage,WD Direct,14-?????-25,25,3080,77000,557
P407,TP-Link Router,Networking,TP-Link,13-?????-25,15,1360,20400,558
P408,Wireless Keyboard,Accessories,Ingram,12-?????-25,40,1020,40800,559
P409,Printer Paper A4,Consumables,Local Vendor,11-?????-25,220,162,35640,560
P410,Epson Ink Bottle,Consumables,Epson,10-?????-25,105,290,30450,561
P411,CAT6 Network Cable,Networking,Local Vendor,09-?????-25,320,20,6400,562
P412,Logitech Mouse,Accessories,Ingram,08-?????-25,85,432,36720,563
P413,Gaming Mouse RGB,Accessories,Logitech,07-?????-25,28,840,23520,564
P414,Power Bank 10000mAh,Accessories,Boat,06-?????-25,50,810,40500,565
P415,Laptop Backpack Premium,Accessories,Lenovo Direct,05-?????-25,45,620,27900,566
P416,SSD 512GB Samsung,Storage,Samsung,04-?????-25,65,2150,139750,567
P417,SSD 256GB Samsung,Storage,Samsung,03-?????-25,85,1350,114750,568
P418,WiFi Adapter USB,Networking,TP-Link,02-?????-25,55,660,36300,569
P419,CCTV Camera HD,Security,Hikvision,01-?????-25,14,2320,32480,570
P420,Surge Protector,Electrical,Local Vendor,28-??????-25,68,615,41820,571
P421,Dell Keyboard,Accessories,Redington,27-??????-25,65,520,33800,572
P422,HDMI Cable,Accessories,Local Vendor,26-??????-25,220,96,21120,573
P423,USB Type-C Cable,Accessories,Local Vendor,25-??????-25,300,85,25500,574
P424,Webcam Full HD,Accessories,Logitech,24-??????-25,20,2300,46000,575
P425,Bluetooth Speaker,Accessories,Boat,23-??????-25,42,890,37380,576
P426,HP Ink Cartridge,Printers,HP Direct,22-??????-25,120,880,105600,577
P427,Canon Ink Cartridge,Printers,Canon Direct,21-??????-25,100,850,85000,578
P428,RAM 8GB DDR4,Components,Kingston,20-??????-25,75,1500,112500,579
P429,RAM 16GB DDR4,Components,Kingston,19-??????-25,55,2650,145750,580
P430,Laptop Charger HP,Spare Parts,HP Direct,18-??????-25,32,1700,54400,581
P431,Laptop Battery Dell,Spare Parts,Dell,17-??????-25,15,3050,45750,582
P432,TP-Link Switch 8 Port,Networking,TP-Link,16-??????-25,12,1650,19800,583
P433,Logitech Mouse,Accessories,Ingram,15-??????-25,88,430,37840,584
P434,USB Hub,Accessories,Local Vendor,14-??????-25,72,210,15120,585
P435,HDMI Cable,Accessories,Local Vendor,13-??????-25,210,95,19950,586
P436,SSD Enclosure,Storage,Ingram,12-??????-25,30,430,12900,587
P437,Laptop Stand,Accessories,Local Vendor,11-??????-25,42,510,21420,588
P438,Wireless Mouse,Accessories,Logitech,10-??????-25,52,900,46800,589
P439,RGB Keyboard,Accessories,Redington,09-??????-25,22,2080,45760,590
P440,Gaming Headset,Accessories,Logitech,08-??????-25,16,2650,42400,591
P441,Printer Paper A4,Consumables,Local Vendor,07-??????-25,230,160,36800,592
P442,Epson Ink Bottle,Consumables,Epson,06-??????-25,105,285,29925,593
P443,Samsung SSD 1TB,Storage,Samsung,05-??????-25,38,3920,148960,594
P444,WD HDD 2TB,Storage,WD Direct,04-??????-25,25,3050,76250,595
P445,TP-Link Router,Networking,TP-Link,03-??????-25,15,1350,20250,596
P446,CAT6 Network Cable,Networking,Local Vendor,02-??????-25,300,19,5700,597
P447,CCTV Camera HD,Security,Hikvision,01-??????-25,12,2300,27600,598
P448,Logitech Mouse,Accessories,Ingram,31-????-25,92,425,39100,599
P449,Dell Keyboard,Accessories,Redington,30-????-25,65,515,33475,600
P450,HDMI Cable,Accessories,Local Vendor,29-????-25,220,94,20680,601
P451,Logitech Mouse,Accessories,Ingram,28-????-25,88,422,37136,602
P452,Dell Keyboard,Accessories,Redington,27-????-25,62,512,31744,603
P453,HDMI Cable,Accessories,Local Vendor,26-????-25,210,93,19530,604
P454,USB Hub,Accessories,Local Vendor,25-????-25,70,208,14560,605
P455,Samsung SSD 1TB,Storage,Samsung,24-????-25,36,3900,140400,606
P456,WD HDD 2TB,Storage,WD Direct,23-????-25,24,3020,72480,607
P457,TP-Link Router,Networking,TP-Link,22-????-25,14,1330,18620,608
P458,Wireless Keyboard,Accessories,Ingram,21-????-25,38,1010,38380,609
P459,Printer Paper A4,Consumables,Local Vendor,20-????-25,210,158,33180,610
P460,Epson Ink Bottle,Consumables,Epson,19-????-25,100,282,28200,611
P461,CAT6 Network Cable,Networking,Local Vendor,18-????-25,280,19,5320,612
P462,Logitech Mouse,Accessories,Ingram,17-????-25,82,420,34440,613
P463,Gaming Mouse RGB,Accessories,Logitech,16-????-25,26,830,21580,614
P464,Power Bank 10000mAh,Accessories,Boat,15-????-25,48,800,38400,615
P465,Laptop Backpack Premium,Accessories,Lenovo Direct,14-????-25,42,610,25620,616
P466,SSD 512GB Samsung,Storage,Samsung,13-????-25,60,2120,127200,617
P467,SSD 256GB Samsung,Storage,Samsung,12-????-25,80,1320,105600,618
P468,WiFi Adapter USB,Networking,TP-Link,11-????-25,52,650,33800,619
P469,CCTV Camera HD,Security,Hikvision,10-????-25,12,2280,27360,620
P470,Surge Protector,Electrical,Local Vendor,09-????-25,65,610,39650,621
P471,Dell Keyboard,Accessories,Redington,08-????-25,60,510,30600,622
P472,HDMI Cable,Accessories,Local Vendor,07-????-25,200,92,18400,623
P473,USB Type-C Cable,Accessories,Local Vendor,06-????-25,280,84,23520,624
P474,Webcam Full HD,Accessories,Logitech,05-????-25,18,2280,41040,625
P475,Bluetooth Speaker,Accessories,Boat,04-????-25,40,880,35200,626
P476,HP Ink Cartridge,Printers,HP Direct,03-????-25,115,870,100050,627
P477,Canon Ink Cartridge,Printers,Canon Direct,02-????-25,95,840,79800,628
P478,RAM 8GB DDR4,Components,Kingston,01-????-25,72,1480,106560,629
P479,RAM 16GB DDR4,Components,Kingston,31-?????-24,52,2620,136240,630
P480,Laptop Charger HP,Spare Parts,HP Direct,30-?????-24,30,1680,50400,631
P481,Laptop Battery Dell,Spare Parts,Dell,29-?????-24,14,3020,42280,632
P482,TP-Link Switch 8 Port,Networking,TP-Link,28-?????-24,10,1620,16200,633
P483,Logitech Mouse,Accessories,Ingram,27-?????-24,85,418,35530,634
P484,USB Hub,Accessories,Local Vendor,26-?????-24,68,205,13940,635
P485,HDMI Cable,Accessories,Local Vendor,25-?????-24,190,90,17100,636
P486,SSD Enclosure,Storage,Ingram,24-?????-24,28,420,11760,637
P487,Laptop Stand,Accessories,Local Vendor,23-?????-24,40,500,20000,638
P488,Wireless Mouse,Accessories,Logitech,22-?????-24,50,890,44500,639
P489,RGB Keyboard,Accessories,Redington,21-?????-24,20,2050,41000,640
P490,Gaming Headset,Accessories,Logitech,20-?????-24,15,2600,39000,641
P491,Printer Paper A4,Consumables,Local Vendor,19-?????-24,220,155,34100,642
P492,Epson Ink Bottle,Consumables,Epson,18-?????-24,100,280,28000,643
P493,Samsung SSD 1TB,Storage,Samsung,17-?????-24,35,3880,135800,644
P494,WD HDD 2TB,Storage,WD Direct,16-?????-24,22,3000,66000,645
P495,TP-Link Router,Networking,TP-Link,15-?????-24,14,1320,18480,646
P496,CAT6 Network Cable,Networking,Local Vendor,14-?????-24,260,18,4680,647
P497,CCTV Camera HD,Security,Hikvision,13-?????-24,10,2250,22500,648
P498,Logitech Mouse,Accessories,Ingram,12-?????-24,88,415,36520,649
P499,Dell Keyboard,Accessories,Redington,11-?????-24,60,505,30300,650
P500,HDMI Cable,Accessories,Local Vendor,10-?????-24,200,89,17800,651
P501,Logitech Mouse,Accessories,Ingram,09-?????-24,85,412,35020,652
P502,Dell Keyboard,Accessories,Redington,08-?????-24,58,502,29116,653
P503,HDMI Cable,Accessories,Local Vendor,07-?????-24,190,88,16720,654
P504,USB Hub,Accessories,Local Vendor,06-?????-24,65,202,13130,655
P505,Samsung SSD 1TB,Storage,Samsung,05-?????-24,34,3850,130900,656
P506,WD HDD 2TB,Storage,WD Direct,04-?????-24,20,2980,59600,657
P507,TP-Link Router,Networking,TP-Link,03-?????-24,12,1300,15600,658
P508,Wireless Keyboard,Accessories,Ingram,02-?????-24,35,995,34825,659
P509,Printer Paper A4,Consumables,Local Vendor,01-?????-24,200,152,30400,660
P510,Epson Ink Bottle,Consumables,Epson,30-???????-24,95,275,26125,661
P511,CAT6 Network Cable,Networking,Local Vendor,29-???????-24,250,18,4500,662
P512,Logitech Mouse,Accessories,Ingram,28-???????-24,80,410,32800,663
P513,Gaming Mouse RGB,Accessories,Logitech,27-???????-24,24,820,19680,664
P514,Power Bank 10000mAh,Accessories,Boat,26-???????-24,45,790,35550,665
P515,Laptop Backpack Premium,Accessories,Lenovo Direct,25-???????-24,40,600,24000,666
P516,SSD 512GB Samsung,Storage,Samsung,24-???????-24,55,2100,115500,667
P517,SSD 256GB Samsung,Storage,Samsung,23-???????-24,75,1300,97500,668
P518,WiFi Adapter USB,Networking,TP-Link,22-???????-24,50,640,32000,669
P519,CCTV Camera HD,Security,Hikvision,21-???????-24,10,2250,22500,670
P520,Surge Protector,Electrical,Local Vendor,20-???????-24,60,600,36000,671
P521,Dell Keyboard,Accessories,Redington,19-???????-24,55,500,27500,672
P522,HDMI Cable,Accessories,Local Vendor,18-???????-24,180,87,15660,673
P523,USB Type-C Cable,Accessories,Local Vendor,17-???????-24,260,82,21320,674
P524,Webcam Full HD,Accessories,Logitech,16-???????-24,16,2250,36000,675
P525,Bluetooth Speaker,Accessories,Boat,15-???????-24,38,870,33060,676
P526,HP Ink Cartridge,Printers,HP Direct,14-???????-24,110,860,94600,677
P527,Canon Ink Cartridge,Printers,Canon Direct,13-???????-24,90,830,74700,678
P528,RAM 8GB DDR4,Components,Kingston,12-???????-24,70,1450,101500,679
P529,RAM 16GB DDR4,Components,Kingston,11-???????-24,50,2580,129000,680
P530,Laptop Charger HP,Spare Parts,HP Direct,10-???????-24,28,1650,46200,681
P531,Laptop Battery Dell,Spare Parts,Dell,09-???????-24,12,3000,36000,682
P532,TP-Link Switch 8 Port,Networking,TP-Link,08-???????-24,8,1600,12800,683
P533,Logitech Mouse,Accessories,Ingram,07-???????-24,82,405,33210,684
P534,USB Hub,Accessories,Local Vendor,06-???????-24,62,200,12400,685
P535,HDMI Cable,Accessories,Local Vendor,05-???????-24,175,86,15050,686
P536,SSD Enclosure,Storage,Ingram,04-???????-24,25,410,10250,687
P537,Laptop Stand,Accessories,Local Vendor,03-???????-24,38,490,18620,688
P538,Wireless Mouse,Accessories,Logitech,02-???????-24,45,880,39600,689
P539,RGB Keyboard,Accessories,Redington,01-???????-24,18,2000,36000,690
P540,Gaming Headset,Accessories,Logitech,31-?????-24,14,2550,35700,691
P541,Printer Paper A4,Consumables,Local Vendor,30-?????-24,210,150,31500,692
P542,Epson Ink Bottle,Consumables,Epson,29-?????-24,95,270,25650,693
P543,Samsung SSD 1TB,Storage,Samsung,16-??-25,32,3820,122240,494
P544,WD HDD 2TB,Storage,WD Direct,15-??-25,20,2950,59000,495
P545,TP-Link Router,Networking,TP-Link,14-??-25,12,1280,15360,496
P546,CAT6 Network Cable,Networking,Local Vendor,13-??-25,240,18,4320,497
P547,CCTV Camera HD,Security,Hikvision,12-??-25,8,2220,17760,498
P548,Logitech Mouse,Accessories,Ingram,11-??-25,85,400,34000,499
P549,Dell Keyboard,Accessories,Redington,10-??-25,58,495,28710,500
P550,HDMI Cable,Accessories,Local Vendor,09-??-25,180,85,15300,501
P551,Logitech Mouse,Accessories,Ingram,08-??-25,80,398,31840,502
P552,Dell Keyboard,Accessories,Redington,07-??-25,55,492,27060,503
P553,HDMI Cable,Accessories,Local Vendor,06-??-25,175,84,14700,504
P554,USB Hub,Accessories,Local Vendor,05-??-25,60,198,11880,505
P555,Samsung SSD 1TB,Storage,Samsung,04-??-25,30,3800,114000,506
P556,WD HDD 2TB,Storage,WD Direct,03-??-25,18,2920,52560,507
P557,TP-Link Router,Networking,TP-Link,02-??-25,12,1270,15240,508
P558,Wireless Keyboard,Accessories,Ingram,01-??-25,32,980,31360,509
P559,Printer Paper A4,Consumables,Local Vendor,30-?????-25,190,148,28120,510
P560,Epson Ink Bottle,Consumables,Epson,29-?????-25,90,268,24120,511
P561,CAT6 Network Cable,Networking,Local Vendor,28-?????-25,230,18,4140,512
P562,Logitech Mouse,Accessories,Ingram,27-?????-25,78,395,30810,513
P563,Gaming Mouse RGB,Accessories,Logitech,26-?????-25,22,810,17820,514
P564,Power Bank 10000mAh,Accessories,Boat,25-?????-25,42,780,32760,515
P565,Laptop Backpack Premium,Accessories,Lenovo Direct,24-?????-25,38,590,22420,516
P566,SSD 512GB Samsung,Storage,Samsung,23-?????-25,52,2080,108160,517
P567,SSD 256GB Samsung,Storage,Samsung,22-?????-25,72,1280,92160,518
P568,WiFi Adapter USB,Networking,TP-Link,21-?????-25,48,630,30240,519
P569,CCTV Camera HD,Security,Hikvision,20-?????-25,8,2200,17600,520
P570,Surge Protector,Electrical,Local Vendor,19-?????-25,58,590,34220,521
P571,Dell Keyboard,Accessories,Redington,18-?????-25,52,490,25480,522
P572,HDMI Cable,Accessories,Local Vendor,17-?????-25,170,83,14110,523
P573,USB Type-C Cable,Accessories,Local Vendor,16-?????-25,250,80,20000,524
P574,Webcam Full HD,Accessories,Logitech,15-?????-25,15,2220,33300,525
P575,Bluetooth Speaker,Accessories,Boat,14-?????-25,35,860,30100,526
P576,HP Ink Cartridge,Printers,HP Direct,13-?????-25,105,850,89250,527
P577,Canon Ink Cartridge,Printers,Canon Direct,12-?????-25,85,820,69700,528
P578,RAM 8GB DDR4,Components,Kingston,11-?????-25,65,1420,92300,529
P579,RAM 16GB DDR4,Components,Kingston,10-?????-25,48,2550,122400,530
P580,Laptop Charger HP,Spare Parts,HP Direct,09-?????-25,26,1620,42120,531
P581,Laptop Battery Dell,Spare Parts,Dell,08-?????-25,10,2950,29500,532
P582,TP-Link Switch 8 Port,Networking,TP-Link,07-?????-25,8,1580,12640,533
P583,Logitech Mouse,Accessories,Ingram,06-?????-25,80,392,31360,534
P584,USB Hub,Accessories,Local Vendor,05-?????-25,58,195,11310,535
P585,HDMI Cable,Accessories,Local Vendor,04-?????-25,165,82,13530,536
P586,SSD Enclosure,Storage,Ingram,03-?????-25,22,405,8910,537
P587,Laptop Stand,Accessories,Local Vendor,02-?????-25,35,480,16800,538
P588,Wireless Mouse,Accessories,Logitech,01-?????-25,42,870,36540,539
P589,RGB Keyboard,Accessories,Redington,31-?????-25,16,1980,31680,540
P590,Gaming Headset,Accessories,Logitech,30-?????-25,12,2500,30000,541
P591,Printer Paper A4,Consumables,Local Vendor,29-?????-25,200,145,29000,542
P592,Epson Ink Bottle,Consumables,Epson,28-?????-25,88,265,23320,543
P593,Samsung SSD 1TB,Storage,Samsung,27-?????-25,28,3780,105840,544
P594,WD HDD 2TB,Storage,WD Direct,26-?????-25,18,2900,52200,545
P595,TP-Link Router,Networking,TP-Link,25-?????-25,10,1260,12600,546
P596,CAT6 Network Cable,Networking,Local Vendor,24-?????-25,220,17,3740,547
P597,CCTV Camera HD,Security,Hikvision,23-?????-25,8,2180,17440,548
P598,Logitech Mouse,Accessories,Ingram,22-?????-25,82,390,31980,549
P599,Dell Keyboard,Accessories,Redington,21-?????-25,55,488,26840,550
P600,HDMI Cable,Accessories,Local Vendor,20-?????-25,170,81,13770,551
P601,Logitech Mouse,Accessories,Ingram,19-?????-25,78,388,30264,552
P602,Dell Keyboard,Accessories,Redington,18-?????-25,52,485,25220,553
P603,HDMI Cable,Accessories,Local Vendor,17-?????-25,165,80,13200,554
P604,USB Hub,Accessories,Local Vendor,16-?????-25,55,192,10560,555
P605,Samsung SSD 1TB,Storage,Samsung,15-?????-25,26,3750,97500,556
P606,WD HDD 2TB,Storage,WD Direct,14-?????-25,16,2880,46080,557
P607,TP-Link Router,Networking,TP-Link,13-?????-25,10,1240,12400,558
P608,Wireless Keyboard,Accessories,Ingram,12-?????-25,30,970,29100,559
P609,Printer Paper A4,Consumables,Local Vendor,11-?????-25,180,142,25560,560
P610,Epson Ink Bottle,Consumables,Epson,10-?????-25,85,260,22100,561
P611,CAT6 Network Cable,Networking,Local Vendor,09-?????-25,210,17,3570,562
P612,Logitech Mouse,Accessories,Ingram,08-?????-25,75,385,28875,563
P613,Gaming Mouse RGB,Accessories,Logitech,07-?????-25,20,800,16000,564
P614,Power Bank 10000mAh,Accessories,Boat,06-?????-25,40,770,30800,565
P615,Laptop Backpack Premium,Accessories,Lenovo Direct,05-?????-25,35,580,20300,566
P616,SSD 512GB Samsung,Storage,Samsung,04-?????-25,50,2050,102500,567
P617,SSD 256GB Samsung,Storage,Samsung,03-?????-25,70,1260,88200,568
P618,WiFi Adapter USB,Networking,TP-Link,02-?????-25,45,620,27900,569
P619,CCTV Camera HD,Security,Hikvision,01-?????-25,8,2150,17200,570
P620,Surge Protector,Electrical,Local Vendor,28-??????-25,55,580,31900,571
P621,Dell Keyboard,Accessories,Redington,27-??????-25,50,482,24100,572
P622,HDMI Cable,Accessories,Local Vendor,26-??????-25,160,79,12640,573
P623,USB Type-C Cable,Accessories,Local Vendor,25-??????-25,240,78,18720,574
P624,Webcam Full HD,Accessories,Logitech,24-??????-25,14,2200,30800,575
P625,Bluetooth Speaker,Accessories,Boat,23-??????-25,32,850,27200,576
P626,HP Ink Cartridge,Printers,HP Direct,22-??????-25,100,840,84000,577
P627,Canon Ink Cartridge,Printers,Canon Direct,21-??????-25,80,810,64800,578
P628,RAM 8GB DDR4,Components,Kingston,20-??????-25,60,1400,84000,579
P629,RAM 16GB DDR4,Components,Kingston,19-??????-25,45,2520,113400,580
P630,Laptop Charger HP,Spare Parts,HP Direct,18-??????-25,25,1600,40000,581
P631,Laptop Battery Dell,Spare Parts,Dell,17-??????-25,10,2920,29200,582
P632,TP-Link Switch 8 Port,Networking,TP-Link,16-??????-25,8,1550,12400,583
P633,Logitech Mouse,Accessories,Ingram,15-??????-25,78,382,29796,584
P634,USB Hub,Accessories,Local Vendor,22-?????-25,55,190,10450,335
P635,HDMI Cable,Accessories,Local Vendor,21-?????-25,155,78,12090,336
P636,SSD Enclosure,Storage,Ingram,20-?????-25,20,400,8000,337
P637,Laptop Stand,Accessories,Local Vendor,19-?????-25,32,470,15040,338
P638,Wireless Mouse,Accessories,Logitech,18-?????-25,40,860,34400,339
P639,RGB Keyboard,Accessories,Redington,17-?????-25,15,1950,29250,340
P640,Gaming Headset,Accessories,Logitech,16-?????-25,10,2450,24500,341
P641,Printer Paper A4,Consumables,Local Vendor,15-?????-25,190,140,26600,342
P642,Epson Ink Bottle,Consumables,Epson,14-?????-25,82,255,20910,343
P643,Samsung SSD 1TB,Storage,Samsung,13-?????-25,25,3720,93000,344
P644,WD HDD 2TB,Storage,WD Direct,12-?????-25,15,2850,42750,345
P645,TP-Link Router,Networking,TP-Link,11-?????-25,10,1220,12200,346
P646,CAT6 Network Cable,Networking,Local Vendor,10-?????-25,200,16,3200,347
P647,CCTV Camera HD,Security,Hikvision,09-?????-25,6,2120,12720,348
P648,Logitech Mouse,Accessories,Ingram,08-?????-25,80,380,30400,349
P649,Dell Keyboard,Accessories,Redington,07-?????-25,50,480,24000,350
P650,HDMI Cable,Accessories,Local Vendor,06-?????-25,160,77,12320,351
P651,Logitech Mouse,Accessories,Ingram,12-???-25,95,455,43225,467
P652,Dell Keyboard,Accessories,Redington,12-???-25,72,545,39240,467
P653,HDMI Cable,Accessories,Local Vendor,11-???-25,280,108,30240,468
P654,USB Hub,Accessories,Local Vendor,11-???-25,85,225,19125,468
P655,Samsung SSD 1TB,Storage,Samsung,10-???-25,42,4050,170100,469
P656,WD HDD 2TB,Storage,WD Direct,10-???-25,28,3150,88200,469
P657,TP-Link Router,Networking,TP-Link,09-???-25,18,1420,25560,470
P658,Wireless Keyboard,Accessories,Ingram,09-???-25,45,1050,47250,470
P659,Printer Paper A4,Consumables,Local Vendor,08-???-25,240,170,40800,471
P660,Epson Ink Bottle,Consumables,Epson,08-???-25,120,305,36600,471
P661,CAT6 Network Cable,Networking,Local Vendor,07-???-25,380,21,7980,472
P662,Logitech Mouse,Accessories,Ingram,07-???-25,88,450,39600,472
P663,Gaming Mouse RGB,Accessories,Logitech,06-???-25,30,850,25500,473
P664,Power Bank 10000mAh,Accessories,Boat,06-???-25,55,820,45100,473
P665,Laptop Backpack Premium,Accessories,Lenovo Direct,05-???-25,50,630,31500,474
P666,SSD 512GB Samsung,Storage,Samsung,05-???-25,65,2180,141700,474
P667,SSD 256GB Samsung,Storage,Samsung,04-???-25,85,1380,117300,475
P668,WiFi Adapter USB,Networking,TP-Link,04-???-25,58,670,38860,475
P669,CCTV Camera HD,Security,Hikvision,03-???-25,15,2400,36000,476
P670,Surge Protector,Electrical,Local Vendor,03-???-25,68,620,42160,476
P671,Dell Keyboard,Accessories,Redington,02-???-25,70,540,37800,477
P672,HDMI Cable,Accessories,Local Vendor,02-???-25,250,105,26250,477
P673,USB Type-C Cable,Accessories,Local Vendor,01-???-25,320,88,28160,478
P674,Webcam Full HD,Accessories,Logitech,01-???-25,22,2350,51700,478
P675,Bluetooth Speaker,Accessories,Boat,31-??-25,45,900,40500,479
P676,HP Ink Cartridge,Printers,HP Direct,31-??-25,125,890,111250,479
P677,Canon Ink Cartridge,Printers,Canon Direct,30-??-25,105,860,90300,480
P678,RAM 8GB DDR4,Components,Kingston,30-??-25,78,1520,118560,480
P679,RAM 16GB DDR4,Components,Kingston,29-??-25,55,2680,147400,481
P680,Laptop Charger HP,Spare Parts,HP Direct,29-??-25,35,1720,60200,481
P681,Laptop Battery Dell,Spare Parts,Dell,28-??-25,16,3100,49600,482
P682,TP-Link Switch 8 Port,Networking,TP-Link,28-??-25,12,1680,20160,482
P683,Logitech Mouse,Accessories,Ingram,27-??-25,92,448,41216,483
P684,USB Hub,Accessories,Local Vendor,27-??-25,78,220,17160,483
P685,HDMI Cable,Accessories,Local Vendor,26-??-25,230,102,23460,484
P686,SSD Enclosure,Storage,Ingram,26-??-25,30,435,13050,484
P687,Laptop Stand,Accessories,Local Vendor,25-??-25,42,520,21840,485
P688,Wireless Mouse,Accessories,Logitech,25-??-25,52,900,46800,485
P689,RGB Keyboard,Accessories,Redington,24-??-25,22,2100,46200,486
P690,Gaming Headset,Accessories,Logitech,24-??-25,16,2680,42880,486
P691,Printer Paper A4,Consumables,Local Vendor,23-??-25,230,165,37950,487
P692,Epson Ink Bottle,Consumables,Epson,23-??-25,110,295,32450,487
P693,Samsung SSD 1TB,Storage,Samsung,22-??-25,38,3980,151240,488
P694,WD HDD 2TB,Storage,WD Direct,22-??-25,25,3100,77500,488
P695,TP-Link Router,Networking,TP-Link,21-??-25,15,1380,20700,489
P696,CAT6 Network Cable,Networking,Local Vendor,21-??-25,340,20,6800,489
P697,CCTV Camera HD,Security,Hikvision,20-??-25,12,2350,28200,490
P698,Logitech Mouse,Accessories,Ingram,20-??-25,95,445,42275,490
P699,Dell Keyboard,Accessories,Redington,19-??-25,68,535,36380,491
P700,HDMI Cable,Accessories,Local Vendor,19-??-25,240,100,24000,491
P701,Logitech Mouse,Accessories,Ingram,18-??-25,88,442,38896,492
P702,Dell Keyboard,Accessories,Redington,18-??-25,65,532,34580,492
P703,HDMI Cable,Accessories,Local Vendor,17-??-25,220,99,21780,493
P704,USB Hub,Accessories,Local Vendor,17-??-25,75,218,16350,493
P705,Samsung SSD 1TB,Storage,Samsung,16-??-25,36,3960,142560,494
P706,WD HDD 2TB,Storage,WD Direct,16-??-25,24,3080,73920,494
P707,TP-Link Router,Networking,TP-Link,15-??-25,14,1360,19040,495
P708,Wireless Keyboard,Accessories,Ingram,15-??-25,42,1040,43680,495
P709,Printer Paper A4,Consumables,Local Vendor,14-??-25,220,162,35640,496
P710,Epson Ink Bottle,Consumables,Epson,14-??-25,105,292,30660,496
P711,CAT6 Network Cable,Networking,Local Vendor,13-??-25,320,20,6400,497
P712,Logitech Mouse,Accessories,Ingram,13-??-25,82,440,36080,497
P713,Gaming Mouse RGB,Accessories,Logitech,12-??-25,28,840,23520,498
P714,Power Bank 10000mAh,Accessories,Boat,12-??-25,50,810,40500,498
P715,Laptop Backpack Premium,Accessories,Lenovo Direct,11-??-25,45,620,27900,499
P716,SSD 512GB Samsung,Storage,Samsung,11-??-25,62,2150,133300,499
P717,SSD 256GB Samsung,Storage,Samsung,10-??-25,82,1360,111520,500
P718,WiFi Adapter USB,Networking,TP-Link,10-??-25,55,660,36300,500
P719,CCTV Camera HD,Security,Hikvision,09-??-25,12,2320,27840,501
P720,Surge Protector,Electrical,Local Vendor,09-??-25,65,615,39975,501
P721,Dell Keyboard,Accessories,Redington,08-??-25,62,528,32736,502
P722,HDMI Cable,Accessories,Local Vendor,08-??-25,210,98,20580,502
P723,USB Type-C Cable,Accessories,Local Vendor,07-??-25,300,86,25800,503
P724,Webcam Full HD,Accessories,Logitech,07-??-25,20,2320,46400,503
P725,Bluetooth Speaker,Accessories,Boat,06-??-25,42,890,37380,504
P726,HP Ink Cartridge,Printers,HP Direct,06-??-25,120,880,105600,504
P727,Canon Ink Cartridge,Printers,Canon Direct,05-??-25,100,850,85000,505
P728,RAM 8GB DDR4,Components,Kingston,05-??-25,75,1500,112500,505
P729,RAM 16GB DDR4,Components,Kingston,04-??-25,52,2650,137800,506
P730,Laptop Charger HP,Spare Parts,HP Direct,04-??-25,32,1700,54400,506
P731,Laptop Battery Dell,Spare Parts,Dell,03-??-25,15,3050,45750,507
P732,TP-Link Switch 8 Port,Networking,TP-Link,03-??-25,10,1650,16500,507
P733,Logitech Mouse,Accessories,Ingram,02-??-25,85,438,37230,508
P734,USB Hub,Accessories,Local Vendor,02-??-25,72,215,15480,508
P735,HDMI Cable,Accessories,Local Vendor,01-??-25,200,96,19200,509
P736,SSD Enclosure,Storage,Ingram,01-??-25,28,430,12040,509
P737,Laptop Stand,Accessories,Local Vendor,30-?????-25,40,510,20400,510
P738,Wireless Mouse,Accessories,Logitech,30-?????-25,50,890,44500,510
P739,RGB Keyboard,Accessories,Redington,29-?????-25,20,2080,41600,511
P740,Gaming Headset,Accessories,Logitech,29-?????-25,14,2650,37100,511
P741,Printer Paper A4,Consumables,Local Vendor,28-?????-25,220,160,35200,512
P742,Epson Ink Bottle,Consumables,Epson,28-?????-25,105,288,30240,512
P743,Samsung SSD 1TB,Storage,Samsung,27-?????-25,35,3920,137200,513
P744,WD HDD 2TB,Storage,WD Direct,27-?????-25,22,3050,67100,513
P745,TP-Link Router,Networking,TP-Link,26-?????-25,14,1350,18900,514
P746,CAT6 Network Cable,Networking,Local Vendor,26-?????-25,300,19,5700,514
P747,CCTV Camera HD,Security,Hikvision,25-?????-25,10,2300,23000,515
P748,Logitech Mouse,Accessories,Ingram,25-?????-25,88,435,38280,515
P749,Dell Keyboard,Accessories,Redington,24-?????-25,65,525,34125,516
P750,HDMI Cable,Accessories,Local Vendor,24-?????-25,220,95,20900,516
P751,Logitech Mouse,Accessories,Ingram,23-?????-25,82,432,35424,517
P752,Dell Keyboard,Accessories,Redington,23-?????-25,62,522,32364,517
P753,HDMI Cable,Accessories,Local Vendor,22-?????-25,210,94,19740,518
P754,USB Hub,Accessories,Local Vendor,22-?????-25,68,212,14416,518
P755,Samsung SSD 1TB,Storage,Samsung,21-?????-25,32,3900,124800,519
P756,WD HDD 2TB,Storage,WD Direct,21-?????-25,20,3020,60400,519
P757,TP-Link Router,Networking,TP-Link,20-?????-25,12,1320,15840,520
P758,Wireless Keyboard,Accessories,Ingram,20-?????-25,38,1020,38760,520
P759,Printer Paper A4,Consumables,Local Vendor,19-?????-25,210,158,33180,521
P760,Epson Ink Bottle,Consumables,Epson,19-?????-25,100,285,28500,521
P761,CAT6 Network Cable,Networking,Local Vendor,18-?????-25,280,19,5320,522
P762,Logitech Mouse,Accessories,Ingram,18-?????-25,80,430,34400,522
P763,Gaming Mouse RGB,Accessories,Logitech,17-?????-25,25,830,20750,523
P764,Power Bank 10000mAh,Accessories,Boat,17-?????-25,45,800,36000,523
P765,Laptop Backpack Premium,Accessories,Lenovo Direct,16-?????-25,40,610,24400,524
P766,SSD 512GB Samsung,Storage,Samsung,16-?????-25,58,2120,122960,524
P767,SSD 256GB Samsung,Storage,Samsung,15-?????-25,78,1340,104520,525
P768,WiFi Adapter USB,Networking,TP-Link,15-?????-25,52,650,33800,525
P769,CCTV Camera HD,Security,Hikvision,14-?????-25,10,2280,22800,526
P770,Surge Protector,Electrical,Local Vendor,14-?????-25,60,610,36600,526
P771,Dell Keyboard,Accessories,Redington,13-?????-25,60,520,31200,527
P772,HDMI Cable,Accessories,Local Vendor,13-?????-25,200,93,18600,527
P773,USB Type-C Cable,Accessories,Local Vendor,12-?????-25,280,84,23520,528
P774,Webcam Full HD,Accessories,Logitech,12-?????-25,18,2280,41040,528
P775,Bluetooth Speaker,Accessories,Boat,11-?????-25,38,880,33440,529
P776,HP Ink Cartridge,Printers,HP Direct,11-?????-25,115,870,100050,529
P777,Canon Ink Cartridge,Printers,Canon Direct,10-?????-25,95,840,79800,530
P778,RAM 8GB DDR4,Components,Kingston,10-?????-25,72,1480,106560,530
P779,RAM 16GB DDR4,Components,Kingston,09-?????-25,50,2620,131000,531
P780,Laptop Charger HP,Spare Parts,HP Direct,09-?????-25,30,1680,50400,531
P781,Laptop Battery Dell,Spare Parts,Dell,08-?????-25,14,3020,42280,532
P782,TP-Link Switch 8 Port,Networking,TP-Link,08-?????-25,10,1620,16200,532
P783,Logitech Mouse,Accessories,Ingram,07-?????-25,82,425,34850,533
P784,USB Hub,Accessories,Local Vendor,07-?????-25,65,210,13650,533
P785,HDMI Cable,Accessories,Local Vendor,06-?????-25,190,92,17480,534
P786,SSD Enclosure,Storage,Ingram,06-?????-25,25,425,10625,534
P787,Laptop Stand,Accessories,Local Vendor,05-?????-25,38,500,19000,535
P788,Wireless Mouse,Accessories,Logitech,05-?????-25,48,880,42240,535
P789,RGB Keyboard,Accessories,Redington,04-?????-25,18,2050,36900,536
P790,Gaming Headset,Accessories,Logitech,04-?????-25,12,2600,31200,536
P791,Printer Paper A4,Consumables,Local Vendor,03-?????-25,210,155,32550,537
P792,Epson Ink Bottle,Consumables,Epson,03-?????-25,100,280,28000,537
P793,Samsung SSD 1TB,Storage,Samsung,02-?????-25,32,3880,124160,538
P794,WD HDD 2TB,Storage,WD Direct,02-?????-25,20,3000,60000,538
P795,TP-Link Router,Networking,TP-Link,01-?????-25,12,1300,15600,539
P796,CAT6 Network Cable,Networking,Local Vendor,01-?????-25,270,18,4860,539
P797,CCTV Camera HD,Security,Hikvision,31-?????-25,8,2250,18000,540
P798,Logitech Mouse,Accessories,Ingram,31-?????-25,85,420,35700,540
P799,Dell Keyboard,Accessories,Redington,30-?????-25,60,515,30900,541
P800,HDMI Cable,Accessories,Local Vendor,30-?????-25,200,90,18000,541
P801,Logitech Mouse,Accessories,Ingram,29-?????-25,80,418,33440,542
P802,Dell Keyboard,Accessories,Redington,29-?????-25,58,510,29580,542
P803,HDMI Cable,Accessories,Local Vendor,28-?????-25,190,89,16910,543
P804,USB Hub,Accessories,Local Vendor,28-?????-25,62,208,12896,543
P805,Samsung SSD 1TB,Storage,Samsung,27-?????-25,30,3850,115500,544
P806,WD HDD 2TB,Storage,WD Direct,27-?????-25,18,2980,53640,544
P807,TP-Link Router,Networking,TP-Link,26-?????-25,10,1280,12800,545
P808,Wireless Keyboard,Accessories,Ingram,26-?????-25,35,1000,35000,545
P809,Printer Paper A4,Consumables,Local Vendor,25-?????-25,200,152,30400,546
P810,Epson Ink Bottle,Consumables,Epson,25-?????-25,95,275,26125,546
P811,CAT6 Network Cable,Networking,Local Vendor,24-?????-25,260,18,4680,547
P812,Logitech Mouse,Accessories,Ingram,24-?????-25,78,415,32370,547
P813,Gaming Mouse RGB,Accessories,Logitech,23-?????-25,22,820,18040,548
P814,Power Bank 10000mAh,Accessories,Boat,23-?????-25,42,790,33180,548
P815,Laptop Backpack Premium,Accessories,Lenovo Direct,22-?????-25,38,600,22800,549
P816,SSD 512GB Samsung,Storage,Samsung,22-?????-25,55,2100,115500,549
P817,SSD 256GB Samsung,Storage,Samsung,21-?????-25,75,1320,99000,550
P818,WiFi Adapter USB,Networking,TP-Link,21-?????-25,50,640,32000,550
P819,CCTV Camera HD,Security,Hikvision,20-?????-25,8,2220,17760,551
P820,Surge Protector,Electrical,Local Vendor,20-?????-25,58,600,34800,551
P821,Dell Keyboard,Accessories,Redington,19-?????-25,55,505,27775,552
P822,HDMI Cable,Accessories,Local Vendor,19-?????-25,180,88,15840,552
P823,USB Type-C Cable,Accessories,Local Vendor,18-?????-25,260,82,21320,553
P824,Webcam Full HD,Accessories,Logitech,18-?????-25,16,2250,36000,553
P825,Bluetooth Speaker,Accessories,Boat,17-?????-25,35,860,30100,554
P826,HP Ink Cartridge,Printers,HP Direct,17-?????-25,110,860,94600,554
P827,Canon Ink Cartridge,Printers,Canon Direct,16-?????-25,90,830,74700,555
P828,RAM 8GB DDR4,Components,Kingston,16-?????-25,68,1450,98600,555
P829,RAM 16GB DDR4,Components,Kingston,15-?????-25,48,2580,123840,556
P830,Laptop Charger HP,Spare Parts,HP Direct,15-?????-25,28,1650,46200,556
P831,Laptop Battery Dell,Spare Parts,Dell,14-?????-25,12,2980,35760,557
P832,TP-Link Switch 8 Port,Networking,TP-Link,14-?????-25,8,1600,12800,557
P833,Logitech Mouse,Accessories,Ingram,13-?????-25,80,412,32960,558
P834,USB Hub,Accessories,Local Vendor,13-?????-25,60,205,12300,558
P835,HDMI Cable,Accessories,Local Vendor,12-?????-25,175,86,15050,559
P836,SSD Enclosure,Storage,Ingram,12-?????-25,22,420,9240,559
P837,Laptop Stand,Accessories,Local Vendor,11-?????-25,35,490,17150,560
P838,Wireless Mouse,Accessories,Logitech,11-?????-25,45,870,39150,560
P839,RGB Keyboard,Accessories,Redington,10-?????-25,16,2020,32320,561
P840,Gaming Headset,Accessories,Logitech,10-?????-25,10,2550,25500,561
P841,Printer Paper A4,Consumables,Local Vendor,09-?????-25,200,150,30000,562
P842,Epson Ink Bottle,Consumables,Epson,09-?????-25,95,270,25650,562
P843,Samsung SSD 1TB,Storage,Samsung,08-?????-25,30,3820,114600,563
P844,WD HDD 2TB,Storage,WD Direct,08-?????-25,18,2950,53100,563
P845,TP-Link Router,Networking,TP-Link,07-?????-25,10,1260,12600,564
P846,CAT6 Network Cable,Networking,Local Vendor,07-?????-25,250,17,4250,564
P847,CCTV Camera HD,Security,Hikvision,06-?????-25,8,2200,17600,565
P848,Logitech Mouse,Accessories,Ingram,06-?????-25,82,410,33620,565
P849,Dell Keyboard,Accessories,Redington,05-?????-25,58,500,29000,566
P850,HDMI Cable,Accessories,Local Vendor,05-?????-25,180,85,15300,566
P851,Logitech Mouse,Accessories,Ingram,04-?????-25,78,408,31824,567
P852,Dell Keyboard,Accessories,Redington,04-?????-25,55,498,27390,567
P853,HDMI Cable,Accessories,Local Vendor,03-?????-25,175,84,14700,568
P854,USB Hub,Accessories,Local Vendor,03-?????-25,58,202,11716,568
P855,Samsung SSD 1TB,Storage,Samsung,02-?????-25,28,3800,106400,569
P856,WD HDD 2TB,Storage,WD Direct,02-?????-25,16,2920,46720,569
P857,TP-Link Router,Networking,TP-Link,01-?????-25,10,1240,12400,570
P858,Wireless Keyboard,Accessories,Ingram,01-?????-25,32,990,31680,570
P859,Printer Paper A4,Consumables,Local Vendor,28-??????-25,190,148,28120,571
P860,Epson Ink Bottle,Consumables,Epson,28-??????-25,90,265,23850,571
P861,CAT6 Network Cable,Networking,Local Vendor,27-??????-25,240,17,4080,572
P862,Logitech Mouse,Accessories,Ingram,27-??????-25,75,405,30375,572
P863,Gaming Mouse RGB,Accessories,Logitech,26-??????-25,20,810,16200,573
P864,Power Bank 10000mAh,Accessories,Boat,26-??????-25,40,780,31200,573
P865,Laptop Backpack Premium,Accessories,Lenovo Direct,25-??????-25,35,590,20650,574
P866,SSD 512GB Samsung,Storage,Samsung,25-??????-25,52,2080,108160,574
P867,SSD 256GB Samsung,Storage,Samsung,24-??????-25,72,1300,93600,575
P868,WiFi Adapter USB,Networking,TP-Link,24-??????-25,48,630,30240,575
P869,CCTV Camera HD,Security,Hikvision,23-??????-25,8,2180,17440,576
P870,Surge Protector,Electrical,Local Vendor,23-??????-25,55,590,32450,576
P871,Dell Keyboard,Accessories,Redington,22-??????-25,52,495,25740,577
P872,HDMI Cable,Accessories,Local Vendor,22-??????-25,170,83,14110,577
P873,USB Type-C Cable,Accessories,Local Vendor,21-??????-25,250,80,20000,578
P874,Webcam Full HD,Accessories,Logitech,21-??????-25,15,2220,33300,578
P875,Bluetooth Speaker,Accessories,Boat,20-??????-25,32,850,27200,579
P876,HP Ink Cartridge,Printers,HP Direct,20-??????-25,105,850,89250,579
P877,Canon Ink Cartridge,Printers,Canon Direct,19-??????-25,85,820,69700,580
P878,RAM 8GB DDR4,Components,Kingston,19-??????-25,65,1420,92300,580
P879,RAM 16GB DDR4,Components,Kingston,18-??????-25,45,2550,114750,581
P880,Laptop Charger HP,Spare Parts,HP Direct,18-??????-25,25,1620,40500,581
P881,Laptop Battery Dell,Spare Parts,Dell,17-??????-25,10,2950,29500,582
P882,TP-Link Switch 8 Port,Networking,TP-Link,17-??????-25,8,1580,12640,582
P883,Logitech Mouse,Accessories,Ingram,16-??????-25,78,402,31356,583
P884,USB Hub,Accessories,Local Vendor,16-??????-25,55,200,11000,583
P885,HDMI Cable,Accessories,Local Vendor,15-??????-25,165,82,13530,584
P886,SSD Enclosure,Storage,Ingram,15-??????-25,20,410,8200,584
P887,Laptop Stand,Accessories,Local Vendor,14-??????-25,32,480,15360,585
P888,Wireless Mouse,Accessories,Logitech,14-??????-25,42,860,36120,585
P889,RGB Keyboard,Accessories,Redington,13-??????-25,15,1980,29700,586
P890,Gaming Headset,Accessories,Logitech,13-??????-25,10,2500,25000,586
P891,Printer Paper A4,Consumables,Local Vendor,12-??????-25,190,145,27550,587
P892,Epson Ink Bottle,Consumables,Epson,12-??????-25,90,260,23400,587
P893,Samsung SSD 1TB,Storage,Samsung,11-??????-25,28,3780,105840,588
P894,WD HDD 2TB,Storage,WD Direct,11-??????-25,16,2900,46400,588
P895,TP-Link Router,Networking,TP-Link,10-??????-25,10,1220,12200,589
P896,CAT6 Network Cable,Networking,Local Vendor,10-??????-25,230,16,3680,589
P897,CCTV Camera HD,Security,Hikvision,09-??????-25,6,2150,12900,590
P898,Logitech Mouse,Accessories,Ingram,09-??????-25,80,400,32000,590
P899,Dell Keyboard,Accessories,Redington,08-??????-25,55,490,26950,591
P900,HDMI Cable,Accessories,Local Vendor,08-??????-25,170,80,13600,591
P901,Logitech Mouse,Accessories,Ingram,07-??????-25,75,398,29850,592
P902,Dell Keyboard,Accessories,Redington,07-??????-25,52,488,25376,592
P903,HDMI Cable,Accessories,Local Vendor,06-??????-25,165,79,13035,593
P904,USB Hub,Accessories,Local Vendor,06-??????-25,52,198,10296,593
P905,Samsung SSD 1TB,Storage,Samsung,05-??????-25,26,3750,97500,594
P906,WD HDD 2TB,Storage,WD Direct,05-??????-25,15,2880,43200,594
P907,TP-Link Router,Networking,TP-Link,04-??????-25,8,1200,9600,595
P908,Wireless Keyboard,Accessories,Ingram,04-??????-25,30,980,29400,595
P909,Printer Paper A4,Consumables,Local Vendor,03-??????-25,180,142,25560,596
P910,Epson Ink Bottle,Consumables,Epson,03-??????-25,85,255,21675,596
P911,CAT6 Network Cable,Networking,Local Vendor,02-??????-25,220,16,3520,597
P912,Logitech Mouse,Accessories,Ingram,02-??????-25,72,395,28440,597
P913,Gaming Mouse RGB,Accessories,Logitech,01-??????-25,18,800,14400,598
P914,Power Bank 10000mAh,Accessories,Boat,01-??????-25,38,770,29260,598
P915,Laptop Backpack Premium,Accessories,Lenovo Direct,31-????-25,32,580,18560,599
P916,SSD 512GB Samsung,Storage,Samsung,31-????-25,50,2050,102500,599
P917,SSD 256GB Samsung,Storage,Samsung,30-????-25,68,1280,87040,600
P918,WiFi Adapter USB,Networking,TP-Link,30-????-25,45,620,27900,600
P919,CCTV Camera HD,Security,Hikvision,29-????-25,6,2120,12720,601
P920,Surge Protector,Electrical,Local Vendor,29-????-25,52,580,30160,601
P921,Dell Keyboard,Accessories,Redington,28-????-25,50,485,24250,602
P922,HDMI Cable,Accessories,Local Vendor,28-????-25,160,78,12480,602
P923,USB Type-C Cable,Accessories,Local Vendor,27-????-25,240,78,18720,603
P924,Webcam Full HD,Accessories,Logitech,27-????-25,14,2200,30800,603
P925,Bluetooth Speaker,Accessories,Boat,26-????-25,30,840,25200,604
P926,HP Ink Cartridge,Printers,HP Direct,26-????-25,100,840,84000,604
P927,Canon Ink Cartridge,Printers,Canon Direct,25-????-25,80,810,64800,605
P928,RAM 8GB DDR4,Components,Kingston,25-????-25,60,1400,84000,605
P929,RAM 16GB DDR4,Components,Kingston,24-????-25,42,2520,105840,606
P930,Laptop Charger HP,Spare Parts,HP Direct,24-????-25,22,1600,35200,606
P931,Laptop Battery Dell,Spare Parts,Dell,23-????-25,8,2920,23360,607
P932,TP-Link Switch 8 Port,Networking,TP-Link,23-????-25,6,1550,9300,607
P933,Logitech Mouse,Accessories,Ingram,22-????-25,75,392,29400,608
P934,USB Hub,Accessories,Local Vendor,22-????-25,52,195,10140,608
P935,HDMI Cable,Accessories,Local Vendor,21-????-25,155,77,11935,609
P936,SSD Enclosure,Storage,Ingram,21-????-25,18,400,7200,609
P937,Laptop Stand,Accessories,Local Vendor,20-????-25,30,470,14100,610
P938,Wireless Mouse,Accessories,Logitech,20-????-25,40,850,34000,610
P939,RGB Keyboard,Accessories,Redington,19-????-25,14,1950,27300,611
P940,Gaming Headset,Accessories,Logitech,19-????-25,8,2450,19600,611
P941,Printer Paper A4,Consumables,Local Vendor,18-????-25,180,140,25200,612
P942,Epson Ink Bottle,Consumables,Epson,18-????-25,85,255,21675,612
P943,Samsung SSD 1TB,Storage,Samsung,17-????-25,25,3720,93000,613
P944,WD HDD 2TB,Storage,WD Direct,17-????-25,14,2850,39900,613
P945,TP-Link Router,Networking,TP-Link,16-????-25,8,1200,9600,614
P946,CAT6 Network Cable,Networking,Local Vendor,16-????-25,210,15,3150,614
P947,CCTV Camera HD,Security,Hikvision,15-????-25,5,2100,10500,615
P948,Logitech Mouse,Accessories,Ingram,15-????-25,78,390,30420,615
P949,Dell Keyboard,Accessories,Redington,14-????-25,52,485,25220,616
P950,HDMI Cable,Accessories,Local Vendor,14-????-25,160,78,12480,616
P951,Logitech Mouse,Accessories,Ingram,13-????-25,72,388,27936,617
P952,Dell Keyboard,Accessories,Redington,13-????-25,50,482,24100,617
P953,HDMI Cable,Accessories,Local Vendor,12-????-25,155,77,11935,618
P954,USB Hub,Accessories,Local Vendor,12-????-25,50,192,9600,618
P955,Samsung SSD 1TB,Storage,Samsung,11-????-25,24,3700,88800,619
P956,WD HDD 2TB,Storage,WD Direct,11-????-25,12,2820,33840,619
P957,TP-Link Router,Networking,TP-Link,10-????-25,8,1180,9440,620
P958,Wireless Keyboard,Accessories,Ingram,10-????-25,28,970,27160,620
P959,Printer Paper A4,Consumables,Local Vendor,09-????-25,170,138,23460,621
P960,Epson Ink Bottle,Consumables,Epson,09-????-25,80,250,20000,621
P961,CAT6 Network Cable,Networking,Local Vendor,08-????-25,200,15,3000,622
P962,Logitech Mouse,Accessories,Ingram,08-????-25,70,385,26950,622
P963,Gaming Mouse RGB,Accessories,Logitech,07-????-25,16,790,12640,623
P964,Power Bank 10000mAh,Accessories,Boat,07-????-25,35,760,26600,623
P965,Laptop Backpack Premium,Accessories,Lenovo Direct,06-????-25,30,570,17100,624
P966,SSD 512GB Samsung,Storage,Samsung,06-????-25,48,2020,96960,624
P967,SSD 256GB Samsung,Storage,Samsung,05-????-25,65,1260,81900,625
P968,WiFi Adapter USB,Networking,TP-Link,05-????-25,42,610,25620,625
P969,CCTV Camera HD,Security,Hikvision,04-????-25,5,2080,10400,626
P970,Surge Protector,Electrical,Local Vendor,04-????-25,50,570,28500,626
P971,Dell Keyboard,Accessories,Redington,03-????-25,48,480,23040,627
P972,HDMI Cable,Accessories,Local Vendor,03-????-25,150,76,11400,627
P973,USB Type-C Cable,Accessories,Local Vendor,02-????-25,220,76,16720,628
P974,Webcam Full HD,Accessories,Logitech,02-????-25,12,2180,26160,628
P975,Bluetooth Speaker,Accessories,Boat,01-????-25,28,830,23240,629
P976,HP Ink Cartridge,Printers,HP Direct,01-????-25,95,830,78850,629
P977,Canon Ink Cartridge,Printers,Canon Direct,31-?????-24,75,800,60000,630
P978,RAM 8GB DDR4,Components,Kingston,31-?????-24,58,1380,80040,630
P979,RAM 16GB DDR4,Components,Kingston,30-?????-24,40,2480,99200,631
P980,Laptop Charger HP,Spare Parts,HP Direct,30-?????-24,20,1580,31600,631
P981,Laptop Battery Dell,Spare Parts,Dell,29-?????-24,8,2880,23040,632
P982,TP-Link Switch 8 Port,Networking,TP-Link,29-?????-24,5,1520,7600,632
P983,Logitech Mouse,Accessories,Ingram,28-?????-24,72,382,27504,633
P984,USB Hub,Accessories,Local Vendor,28-?????-24,48,190,9120,633
P985,HDMI Cable,Accessories,Local Vendor,27-?????-24,145,75,10875,634
P986,SSD Enclosure,Storage,Ingram,27-?????-24,16,395,6320,634
P987,Laptop Stand,Accessories,Local Vendor,26-?????-24,28,460,12880,635
P988,Wireless Mouse,Accessories,Logitech,26-?????-24,38,840,31920,635
P989,RGB Keyboard,Accessories,Redington,25-?????-24,12,1920,23040,636
P990,Gaming Headset,Accessories,Logitech,25-?????-24,8,2400,19200,636
P991,Printer Paper A4,Consumables,Local Vendor,24-?????-24,170,138,23460,637
P992,Epson Ink Bottle,Consumables,Epson,24-?????-24,80,250,20000,637
P993,Samsung SSD 1TB,Storage,Samsung,23-?????-24,22,3680,80960,638
P994,WD HDD 2TB,Storage,WD Direct,23-?????-24,12,2800,33600,638
P995,TP-Link Router,Networking,TP-Link,22-?????-24,8,1180,9440,639
P996,CAT6 Network Cable,Networking,Local Vendor,22-?????-24,190,15,2850,639
P997,CCTV Camera HD,Security,Hikvision,21-?????-24,5,2050,10250,640
P998,Logitech Mouse,Accessories,Ingram,21-?????-24,75,380,28500,640
P999,Dell Keyboard,Accessories,Redington,20-?????-24,50,478,23900,641
,,,,,83790,1406769,50896429,
